--
-- PostgreSQL database dump
--

-- Dumped from database version 14.8
-- Dumped by pg_dump version 14.8

SET statement_timeout = 0;
SET lock_timeout = 0;
SET idle_in_transaction_session_timeout = 0;
SET client_encoding = 'UTF8';
SET standard_conforming_strings = on;
SELECT pg_catalog.set_config('search_path', '', false);
SET check_function_bodies = false;
SET xmloption = content;
SET client_min_messages = warning;
SET row_security = off;

SET default_tablespace = '';

SET default_table_access_method = heap;

--
-- Name: auth_group; Type: TABLE; Schema: public; Owner: admin
--

CREATE TABLE public.auth_group (
    id integer NOT NULL,
    name character varying(150) NOT NULL
);


ALTER TABLE public.auth_group OWNER TO admin;

--
-- Name: auth_group_id_seq; Type: SEQUENCE; Schema: public; Owner: admin
--

ALTER TABLE public.auth_group ALTER COLUMN id ADD GENERATED BY DEFAULT AS IDENTITY (
    SEQUENCE NAME public.auth_group_id_seq
    START WITH 1
    INCREMENT BY 1
    NO MINVALUE
    NO MAXVALUE
    CACHE 1
);


--
-- Name: auth_group_permissions; Type: TABLE; Schema: public; Owner: admin
--

CREATE TABLE public.auth_group_permissions (
    id bigint NOT NULL,
    group_id integer NOT NULL,
    permission_id integer NOT NULL
);


ALTER TABLE public.auth_group_permissions OWNER TO admin;

--
-- Name: auth_group_permissions_id_seq; Type: SEQUENCE; Schema: public; Owner: admin
--

ALTER TABLE public.auth_group_permissions ALTER COLUMN id ADD GENERATED BY DEFAULT AS IDENTITY (
    SEQUENCE NAME public.auth_group_permissions_id_seq
    START WITH 1
    INCREMENT BY 1
    NO MINVALUE
    NO MAXVALUE
    CACHE 1
);


--
-- Name: auth_permission; Type: TABLE; Schema: public; Owner: admin
--

CREATE TABLE public.auth_permission (
    id integer NOT NULL,
    name character varying(255) NOT NULL,
    content_type_id integer NOT NULL,
    codename character varying(100) NOT NULL
);


ALTER TABLE public.auth_permission OWNER TO admin;

--
-- Name: auth_permission_id_seq; Type: SEQUENCE; Schema: public; Owner: admin
--

ALTER TABLE public.auth_permission ALTER COLUMN id ADD GENERATED BY DEFAULT AS IDENTITY (
    SEQUENCE NAME public.auth_permission_id_seq
    START WITH 1
    INCREMENT BY 1
    NO MINVALUE
    NO MAXVALUE
    CACHE 1
);


--
-- Name: django_admin_log; Type: TABLE; Schema: public; Owner: admin
--

CREATE TABLE public.django_admin_log (
    id integer NOT NULL,
    action_time timestamp with time zone NOT NULL,
    object_id text,
    object_repr character varying(200) NOT NULL,
    action_flag smallint NOT NULL,
    change_message text NOT NULL,
    content_type_id integer,
    user_id bigint NOT NULL,
    CONSTRAINT django_admin_log_action_flag_check CHECK ((action_flag >= 0))
);


ALTER TABLE public.django_admin_log OWNER TO admin;

--
-- Name: django_admin_log_id_seq; Type: SEQUENCE; Schema: public; Owner: admin
--

ALTER TABLE public.django_admin_log ALTER COLUMN id ADD GENERATED BY DEFAULT AS IDENTITY (
    SEQUENCE NAME public.django_admin_log_id_seq
    START WITH 1
    INCREMENT BY 1
    NO MINVALUE
    NO MAXVALUE
    CACHE 1
);


--
-- Name: django_content_type; Type: TABLE; Schema: public; Owner: admin
--

CREATE TABLE public.django_content_type (
    id integer NOT NULL,
    app_label character varying(100) NOT NULL,
    model character varying(100) NOT NULL
);


ALTER TABLE public.django_content_type OWNER TO admin;

--
-- Name: django_content_type_id_seq; Type: SEQUENCE; Schema: public; Owner: admin
--

ALTER TABLE public.django_content_type ALTER COLUMN id ADD GENERATED BY DEFAULT AS IDENTITY (
    SEQUENCE NAME public.django_content_type_id_seq
    START WITH 1
    INCREMENT BY 1
    NO MINVALUE
    NO MAXVALUE
    CACHE 1
);


--
-- Name: django_migrations; Type: TABLE; Schema: public; Owner: admin
--

CREATE TABLE public.django_migrations (
    id bigint NOT NULL,
    app character varying(255) NOT NULL,
    name character varying(255) NOT NULL,
    applied timestamp with time zone NOT NULL
);


ALTER TABLE public.django_migrations OWNER TO admin;

--
-- Name: django_migrations_id_seq; Type: SEQUENCE; Schema: public; Owner: admin
--

ALTER TABLE public.django_migrations ALTER COLUMN id ADD GENERATED BY DEFAULT AS IDENTITY (
    SEQUENCE NAME public.django_migrations_id_seq
    START WITH 1
    INCREMENT BY 1
    NO MINVALUE
    NO MAXVALUE
    CACHE 1
);


--
-- Name: django_session; Type: TABLE; Schema: public; Owner: admin
--

CREATE TABLE public.django_session (
    session_key character varying(40) NOT NULL,
    session_data text NOT NULL,
    expire_date timestamp with time zone NOT NULL
);


ALTER TABLE public.django_session OWNER TO admin;

--
-- Name: studios_concert; Type: TABLE; Schema: public; Owner: admin
--

CREATE TABLE public.studios_concert (
    id bigint NOT NULL,
    date date NOT NULL,
    validated boolean NOT NULL,
    groupe1_id bigint,
    groupe2_id bigint,
    groupe3_id bigint,
    user_id bigint,
    planning_id bigint
);


ALTER TABLE public.studios_concert OWNER TO admin;

--
-- Name: studios_concert_id_seq; Type: SEQUENCE; Schema: public; Owner: admin
--

ALTER TABLE public.studios_concert ALTER COLUMN id ADD GENERATED BY DEFAULT AS IDENTITY (
    SEQUENCE NAME public.studios_concert_id_seq
    START WITH 1
    INCREMENT BY 1
    NO MINVALUE
    NO MAXVALUE
    CACHE 1
);


--
-- Name: studios_customgroup; Type: TABLE; Schema: public; Owner: admin
--

CREATE TABLE public.studios_customgroup (
    name character varying(150),
    email character varying(320),
    phone character varying(10),
    members integer,
    genre character varying(100),
    facebook character varying(200),
    instagram character varying(200),
    biography text,
    user_id bigint NOT NULL,
    id bigint NOT NULL,
    validated boolean,
    logo character varying(100),
    technical_sheet character varying(100)
);


ALTER TABLE public.studios_customgroup OWNER TO admin;

--
-- Name: studios_customgroup_id_seq; Type: SEQUENCE; Schema: public; Owner: admin
--

ALTER TABLE public.studios_customgroup ALTER COLUMN id ADD GENERATED BY DEFAULT AS IDENTITY (
    SEQUENCE NAME public.studios_customgroup_id_seq
    START WITH 1
    INCREMENT BY 1
    NO MINVALUE
    NO MAXVALUE
    CACHE 1
);


--
-- Name: studios_customuser; Type: TABLE; Schema: public; Owner: admin
--

CREATE TABLE public.studios_customuser (
    id bigint NOT NULL,
    password character varying(255) NOT NULL,
    last_login timestamp with time zone,
    is_superuser boolean NOT NULL,
    username character varying(150) NOT NULL,
    first_name character varying(150) NOT NULL,
    last_name character varying(150) NOT NULL,
    email character varying(320) NOT NULL,
    is_staff boolean NOT NULL,
    is_active boolean NOT NULL,
    date_joined timestamp with time zone NOT NULL,
    phone character varying(10) NOT NULL,
    password_confirm character varying(255)
);


ALTER TABLE public.studios_customuser OWNER TO admin;

--
-- Name: studios_customuser_groups; Type: TABLE; Schema: public; Owner: admin
--

CREATE TABLE public.studios_customuser_groups (
    id bigint NOT NULL,
    customuser_id bigint NOT NULL,
    group_id integer NOT NULL
);


ALTER TABLE public.studios_customuser_groups OWNER TO admin;

--
-- Name: studios_customuser_groups_id_seq; Type: SEQUENCE; Schema: public; Owner: admin
--

ALTER TABLE public.studios_customuser_groups ALTER COLUMN id ADD GENERATED BY DEFAULT AS IDENTITY (
    SEQUENCE NAME public.studios_customuser_groups_id_seq
    START WITH 1
    INCREMENT BY 1
    NO MINVALUE
    NO MAXVALUE
    CACHE 1
);


--
-- Name: studios_customuser_id_seq; Type: SEQUENCE; Schema: public; Owner: admin
--

ALTER TABLE public.studios_customuser ALTER COLUMN id ADD GENERATED BY DEFAULT AS IDENTITY (
    SEQUENCE NAME public.studios_customuser_id_seq
    START WITH 1
    INCREMENT BY 1
    NO MINVALUE
    NO MAXVALUE
    CACHE 1
);


--
-- Name: studios_customuser_user_permissions; Type: TABLE; Schema: public; Owner: admin
--

CREATE TABLE public.studios_customuser_user_permissions (
    id bigint NOT NULL,
    customuser_id bigint NOT NULL,
    permission_id integer NOT NULL
);


ALTER TABLE public.studios_customuser_user_permissions OWNER TO admin;

--
-- Name: studios_customuser_user_permissions_id_seq; Type: SEQUENCE; Schema: public; Owner: admin
--

ALTER TABLE public.studios_customuser_user_permissions ALTER COLUMN id ADD GENERATED BY DEFAULT AS IDENTITY (
    SEQUENCE NAME public.studios_customuser_user_permissions_id_seq
    START WITH 1
    INCREMENT BY 1
    NO MINVALUE
    NO MAXVALUE
    CACHE 1
);


--
-- Name: studios_event; Type: TABLE; Schema: public; Owner: admin
--

CREATE TABLE public.studios_event (
    id bigint NOT NULL,
    title character varying(200) NOT NULL,
    start_time timestamp with time zone NOT NULL,
    end_time timestamp with time zone NOT NULL,
    description text NOT NULL,
    recurrence character varying(200) NOT NULL,
    user_id bigint,
    date date NOT NULL
);


ALTER TABLE public.studios_event OWNER TO admin;

--
-- Name: studios_events_id_seq; Type: SEQUENCE; Schema: public; Owner: admin
--

ALTER TABLE public.studios_event ALTER COLUMN id ADD GENERATED BY DEFAULT AS IDENTITY (
    SEQUENCE NAME public.studios_events_id_seq
    START WITH 1
    INCREMENT BY 1
    NO MINVALUE
    NO MAXVALUE
    CACHE 1
);


--
-- Name: studios_reservation; Type: TABLE; Schema: public; Owner: admin
--

CREATE TABLE public.studios_reservation (
    id bigint NOT NULL,
    description character varying(1000) NOT NULL,
    duration integer NOT NULL,
    date_start timestamp with time zone NOT NULL,
    date_end timestamp with time zone NOT NULL,
    price integer NOT NULL,
    status character varying(20) NOT NULL,
    salle_id bigint,
    user_id bigint,
    is_active boolean NOT NULL,
    session_id character varying(100)
);


ALTER TABLE public.studios_reservation OWNER TO admin;

--
-- Name: studios_reservation_id_seq; Type: SEQUENCE; Schema: public; Owner: admin
--

ALTER TABLE public.studios_reservation ALTER COLUMN id ADD GENERATED BY DEFAULT AS IDENTITY (
    SEQUENCE NAME public.studios_reservation_id_seq
    START WITH 1
    INCREMENT BY 1
    NO MINVALUE
    NO MAXVALUE
    CACHE 1
);


--
-- Name: studios_salle; Type: TABLE; Schema: public; Owner: admin
--

CREATE TABLE public.studios_salle (
    id bigint NOT NULL,
    name character varying(100) NOT NULL,
    description character varying(1000) NOT NULL
);


ALTER TABLE public.studios_salle OWNER TO admin;

--
-- Name: studios_salle_id_seq; Type: SEQUENCE; Schema: public; Owner: admin
--

ALTER TABLE public.studios_salle ALTER COLUMN id ADD GENERATED BY DEFAULT AS IDENTITY (
    SEQUENCE NAME public.studios_salle_id_seq
    START WITH 1
    INCREMENT BY 1
    NO MINVALUE
    NO MAXVALUE
    CACHE 1
);


--
-- Name: studios_userpayment; Type: TABLE; Schema: public; Owner: admin
--

CREATE TABLE public.studios_userpayment (
    id bigint NOT NULL,
    payment_bool boolean NOT NULL,
    stripe_checkout_id character varying(500) NOT NULL,
    app_user_id bigint NOT NULL
);


ALTER TABLE public.studios_userpayment OWNER TO admin;

--
-- Name: studios_userpayment_id_seq; Type: SEQUENCE; Schema: public; Owner: admin
--

ALTER TABLE public.studios_userpayment ALTER COLUMN id ADD GENERATED BY DEFAULT AS IDENTITY (
    SEQUENCE NAME public.studios_userpayment_id_seq
    START WITH 1
    INCREMENT BY 1
    NO MINVALUE
    NO MAXVALUE
    CACHE 1
);


--
-- Data for Name: auth_group; Type: TABLE DATA; Schema: public; Owner: admin
--

COPY public.auth_group (id, name) FROM stdin;
1	ADMINISTRATEUR
2	CLIENT_REGULIER
3	NOUVEAU_CLIENT
\.


--
-- Data for Name: auth_group_permissions; Type: TABLE DATA; Schema: public; Owner: admin
--

COPY public.auth_group_permissions (id, group_id, permission_id) FROM stdin;
1	1	1
2	1	2
3	1	3
4	1	4
5	1	5
6	1	6
7	1	7
8	1	8
9	1	9
10	1	10
11	1	11
12	1	12
13	1	13
14	1	14
15	1	15
16	1	16
17	1	17
18	1	18
19	1	19
20	1	20
21	1	21
22	1	22
23	1	23
24	1	24
25	1	25
26	1	26
27	1	27
28	1	28
29	1	29
30	1	30
31	1	31
32	1	32
33	1	33
34	1	34
35	1	35
36	1	36
37	1	37
38	1	38
39	1	39
40	1	40
41	1	41
42	1	42
43	1	43
44	1	44
45	1	45
46	1	46
47	1	47
48	1	48
\.


--
-- Data for Name: auth_permission; Type: TABLE DATA; Schema: public; Owner: admin
--

COPY public.auth_permission (id, name, content_type_id, codename) FROM stdin;
1	Can add log entry	1	add_logentry
2	Can change log entry	1	change_logentry
3	Can delete log entry	1	delete_logentry
4	Can view log entry	1	view_logentry
5	Can add permission	2	add_permission
6	Can change permission	2	change_permission
7	Can delete permission	2	delete_permission
8	Can view permission	2	view_permission
9	Can add group	3	add_group
10	Can change group	3	change_group
11	Can delete group	3	delete_group
12	Can view group	3	view_group
13	Can add content type	4	add_contenttype
14	Can change content type	4	change_contenttype
15	Can delete content type	4	delete_contenttype
16	Can view content type	4	view_contenttype
17	Can add session	5	add_session
18	Can change session	5	change_session
19	Can delete session	5	delete_session
20	Can view session	5	view_session
21	Can add user	6	add_customuser
22	Can change user	6	change_customuser
23	Can delete user	6	delete_customuser
24	Can view user	6	view_customuser
25	Can add custom group	7	add_customgroup
26	Can change custom group	7	change_customgroup
27	Can delete custom group	7	delete_customgroup
28	Can view custom group	7	view_customgroup
29	Can add event	8	add_event
30	Can change event	8	change_event
31	Can delete event	8	delete_event
32	Can view event	8	view_event
33	Can add technical sheet	9	add_technicalsheet
34	Can change technical sheet	9	change_technicalsheet
35	Can delete technical sheet	9	delete_technicalsheet
36	Can view technical sheet	9	view_technicalsheet
37	Can add salle	10	add_salle
38	Can change salle	10	change_salle
39	Can delete salle	10	delete_salle
40	Can view salle	10	view_salle
41	Can add reservation	11	add_reservation
42	Can change reservation	11	change_reservation
43	Can delete reservation	11	delete_reservation
44	Can view reservation	11	view_reservation
45	Can add concert	12	add_concert
46	Can change concert	12	change_concert
47	Can delete concert	12	delete_concert
48	Can view concert	12	view_concert
49	Can add user payment	13	add_userpayment
50	Can change user payment	13	change_userpayment
51	Can delete user payment	13	delete_userpayment
52	Can view user payment	13	view_userpayment
\.


--
-- Data for Name: django_admin_log; Type: TABLE DATA; Schema: public; Owner: admin
--

COPY public.django_admin_log (id, action_time, object_id, object_repr, action_flag, change_message, content_type_id, user_id) FROM stdin;
1	2023-07-13 03:48:52.115311+00	1	ADMINISTRATEUR	2	[{"changed": {"fields": ["Name"]}}]	3	8
2	2023-07-13 03:49:00.619432+00	2	CLIENT_REGULIER	2	[{"changed": {"fields": ["Name"]}}]	3	8
3	2023-07-13 03:49:23.614699+00	3	NOUVEAU_CLIENT	2	[{"changed": {"fields": ["Name"]}}]	3	8
4	2023-07-13 03:52:27.607666+00	8	admin	2	[{"changed": {"fields": ["Nom", "Pr\\u00e9nom", "Groups"]}}]	6	8
5	2023-07-13 03:54:06.020375+00	8	admin	2	[{"changed": {"fields": ["Groups"]}}]	6	8
6	2023-07-13 04:05:52.028094+00	8	Reservation object (8)	3		11	8
7	2023-07-13 04:05:52.031009+00	7	Reservation object (7)	3		11	8
8	2023-07-13 04:05:52.033043+00	6	Reservation object (6)	3		11	8
9	2023-07-13 04:05:52.034489+00	5	Reservation object (5)	3		11	8
\.


--
-- Data for Name: django_content_type; Type: TABLE DATA; Schema: public; Owner: admin
--

COPY public.django_content_type (id, app_label, model) FROM stdin;
1	admin	logentry
2	auth	permission
3	auth	group
4	contenttypes	contenttype
5	sessions	session
6	studios	customuser
7	studios	customgroup
8	studios	event
9	studios	technicalsheet
10	studios	salle
11	studios	reservation
12	studios	concert
13	studios	userpayment
\.


--
-- Data for Name: django_migrations; Type: TABLE DATA; Schema: public; Owner: admin
--

COPY public.django_migrations (id, app, name, applied) FROM stdin;
1	contenttypes	0001_initial	2023-07-06 06:06:07.687142+00
2	contenttypes	0002_remove_content_type_name	2023-07-06 06:06:07.813063+00
3	auth	0001_initial	2023-07-06 06:06:09.037721+00
4	auth	0002_alter_permission_name_max_length	2023-07-06 06:06:09.068031+00
5	auth	0003_alter_user_email_max_length	2023-07-06 06:06:09.099248+00
6	auth	0004_alter_user_username_opts	2023-07-06 06:06:09.122379+00
7	auth	0005_alter_user_last_login_null	2023-07-06 06:06:09.137307+00
8	auth	0006_require_contenttypes_0002	2023-07-06 06:06:09.141046+00
9	auth	0007_alter_validators_add_error_messages	2023-07-06 06:06:09.153692+00
10	auth	0008_alter_user_username_max_length	2023-07-06 06:06:09.162549+00
11	auth	0009_alter_user_last_name_max_length	2023-07-06 06:06:09.176523+00
12	auth	0010_alter_group_name_max_length	2023-07-06 06:06:09.305434+00
13	auth	0011_update_proxy_permissions	2023-07-06 06:06:09.339333+00
14	auth	0012_alter_user_first_name_max_length	2023-07-06 06:06:09.378528+00
15	studios	0001_initial	2023-07-06 06:06:10.479036+00
16	admin	0001_initial	2023-07-06 06:06:10.679137+00
17	admin	0002_logentry_remove_auto_add	2023-07-06 06:06:10.742137+00
18	admin	0003_logentry_add_action_flag_choices	2023-07-06 06:06:10.788389+00
19	sessions	0001_initial	2023-07-06 06:06:11.187021+00
20	studios	0002_alter_customuser_first_name	2023-07-06 06:06:11.24351+00
21	studios	0003_customuser_test_field_alter_customuser_first_name	2023-07-06 06:06:11.641226+00
22	studios	0004_customgroup_customuser_phone_and_more	2023-07-06 06:06:11.856824+00
23	studios	0005_customgroup_user_alter_customgroup_biography_and_more	2023-07-06 06:06:12.097491+00
24	studios	0006_remove_customgroup_id_alter_customgroup_user	2023-07-06 06:06:13.403884+00
25	studios	0007_alter_customgroup_user	2023-07-06 06:06:13.564993+00
26	studios	0008_customgroup_id_alter_customgroup_user	2023-07-06 06:06:14.213085+00
27	studios	0009_alter_customgroup_user	2023-07-06 06:06:14.317124+00
28	studios	0010_alter_customgroup_user	2023-07-06 06:06:14.356402+00
29	studios	0011_events	2023-07-06 06:06:14.608565+00
30	studios	0012_rename_events_event	2023-07-06 06:06:15.233674+00
31	studios	0013_technicalsheet	2023-07-06 06:06:15.604447+00
32	studios	0014_salle_reservation	2023-07-06 06:06:16.336041+00
33	studios	0015_concert	2023-07-06 06:06:16.690233+00
34	studios	0016_concert_planning	2023-07-06 06:06:16.846622+00
35	studios	0015_auto_20230705_0930	2023-07-06 06:06:17.374598+00
36	studios	0017_merge_0015_auto_20230705_0930_0016_concert_planning	2023-07-06 06:06:17.390101+00
37	studios	0018_customgroup_validated	2023-07-13 03:36:57.255578+00
38	studios	0019_alter_customgroup_validated	2023-07-13 03:36:57.406176+00
39	studios	0020_alter_customuser_managers	2023-07-13 03:36:57.481972+00
40	studios	0021_alter_customgroup_genre_alter_customgroup_name_and_more	2023-07-13 03:36:58.453374+00
41	studios	0022_alter_customuser_email	2023-07-13 03:36:59.058754+00
42	studios	0023_alter_customuser_email	2023-07-13 03:36:59.098648+00
43	studios	0024_alter_customuser_email	2023-07-13 03:36:59.124578+00
44	studios	0025_alter_customuser_email	2023-07-13 03:36:59.196386+00
45	studios	0026_remove_customuser_phone_alter_customuser_email_and_more	2023-07-13 03:36:59.319057+00
46	studios	0027_customuser_phone_alter_customuser_email_and_more	2023-07-13 03:36:59.404724+00
47	studios	0028_technicalsheet_pdf_logo	2023-07-13 03:36:59.422426+00
48	studios	0029_alter_technicalsheet_pdf_logo	2023-07-13 03:36:59.438383+00
49	studios	0030_alter_technicalsheet_pdf_file_and_more	2023-07-13 03:36:59.467214+00
50	studios	0028_remove_customuser_test_field_alter_customuser_email_and_more	2023-07-13 03:36:59.539021+00
51	studios	0029_remove_customgroup_twitter	2023-07-13 03:36:59.559998+00
52	studios	0030_alter_customgroup_email_alter_customuser_email	2023-07-13 03:36:59.591881+00
53	studios	0028_reservation_is_active_alter_reservation_duration	2023-07-13 03:36:59.619806+00
54	studios	0031_merge_20230707_1438	2023-07-13 03:36:59.622799+00
55	studios	0032_customuser_password_confirm_alter_customuser_phone_and_more	2023-07-13 03:36:59.669672+00
56	studios	0033_remove_customuser_password_confirm	2023-07-13 03:36:59.685664+00
57	studios	0034_customgroup_logo_customgroup_technical_sheet	2023-07-13 03:36:59.713627+00
58	studios	0035_alter_customgroup_biography_alter_customgroup_email_and_more	2023-07-13 03:36:59.793418+00
59	studios	0036_alter_customgroup_biography_alter_customgroup_email_and_more	2023-07-13 03:36:59.880179+00
60	studios	0037_dummymodel_alter_customgroup_biography_and_more	2023-07-13 03:37:00.080643+00
61	studios	0038_movie	2023-07-13 03:37:00.134492+00
62	studios	0039_delete_dummymodel_delete_movie	2023-07-13 03:37:00.141474+00
63	studios	0040_delete_technicalsheet	2023-07-13 03:37:00.153441+00
64	studios	0041_alter_customuser_password	2023-07-13 03:37:00.410833+00
65	studios	0042_customuser_password_confirm	2023-07-13 03:37:00.437759+00
66	studios	0043_alter_customgroup_email_alter_customgroup_facebook_and_more	2023-07-13 03:37:00.502584+00
67	studios	0044_event_date_alter_customgroup_biography_and_more	2023-07-13 03:37:00.786824+00
68	studios	0045_alter_customgroup_members_alter_customgroup_phone_and_more	2023-07-13 03:37:00.841678+00
69	studios	0046_alter_customgroup_members	2023-07-13 03:37:00.864615+00
70	studios	0044_reservation_session_id_alter_reservation_duration_and_more	2023-07-13 03:37:00.928445+00
71	studios	0047_merge_20230712_1452	2023-07-13 03:37:00.931438+00
72	studios	0048_alter_customgroup_members	2023-07-13 03:37:00.94939+00
73	studios	0047_alter_customgroup_members	2023-07-13 03:37:00.971331+00
74	studios	0049_merge_20230712_1658	2023-07-13 03:37:00.976327+00
\.


--
-- Data for Name: django_session; Type: TABLE DATA; Schema: public; Owner: admin
--

COPY public.django_session (session_key, session_data, expire_date) FROM stdin;
ggxl0fipn56x6sh8cxiwyoj19i9m86ux	e30:1qE9M2:RuAkUR0yc5ugCEFxy8Z7k_fn4Qrc56xsNnPYBaNJosw	2023-07-11 14:07:38.288376+00
77nze2bctk9ahy3a0xm93ee07fg3m5yd	e30:1qE9MM:UUZxVQ1Tqf3Vk8EFvgqudUjBFXziEVDxicLbypp48Dc	2023-07-11 14:07:58.322167+00
0cq0y25rk8k2eavsxgd4mx9auxb5fekv	e30:1qEmCt:H0uZdCwGifYObzvlvM8BN5LQylQpJxiPsXhtx20AWDA	2023-07-13 07:36:47.685374+00
sdh99gppnalp16jh0kqb4pfsz8vjqzn5	.eJxVjEsOwjAMBe-SNYqSOnEsluw5Q-TYCS2gVupnhbg7VOoCtm9m3stk3tY-b0ud86DmbLw5_W6F5VHHHeidx9tkZRrXeSh2V-xBF3udtD4vh_t30PPSf2uEFlpDISXqgAQ68ORCAC_opCF5TQldSdohJAeRfeHKQhhRKkTz_gDA5jcV:1qEqo9:D5ewEurMfb3nOZ_Gxes_4PyaM5hL688ouc1ZL-6BhK4	2023-07-13 12:31:33.176721+00
ticfr0bu2oyovkj6vhynabc45i8xmd1c	.eJxVjMsOwiAQRf-FtSHDY5C6dN9vIMNApWogKe3K-O_apAvd3nPOfYlA21rC1vMS5iQuwovT7xaJH7nuIN2p3prkVtdljnJX5EG7HFvKz-vh_h0U6uVbIwKiYzTMMHhy1unojYeI2p6dHpxV6C2iMWpSEH2cKCUgp8GwNsDi_QGgQjZD:1qGhDN:3nT7cA-Svdm5a5xupAgdtDRL9KwSbkcfyip7tMD70SY	2023-07-18 14:41:13.022582+00
v5kiqf9lwqjo56ib7dqoo4xtq54f8e9b	.eJxVjEsOwjAMBe-SNYqSOnEsluw5Q-TYCS2gVupnhbg7VOoCtm9m3stk3tY-b0ud86DmbLw5_W6F5VHHHeidx9tkZRrXeSh2V-xBF3udtD4vh_t30PPSf2uEFlpDISXqgAQ68ORCAC_opCF5TQldSdohJAeRfeHKQhhRKkTz_gDA5jcV:1qH0ow:wnO8qXbKlw9BHZN2jKSEwGZ5j_CMW8cKH90qJUn2mVg	2023-07-19 11:37:18.121028+00
qetsvlw7akzl1tcm6526xkxm273jsiz1	.eJxVjMsOwiAQRf-FtSHDY5C6dN9vIMNApWogKe3K-O_apAvd3nPOfYlA21rC1vMS5iQuwovT7xaJH7nuIN2p3prkVtdljnJX5EG7HFvKz-vh_h0U6uVbIwKiYzTMMHhy1unojYeI2p6dHpxV6C2iMWpSEH2cKCUgp8GwNsDi_QGgQjZD:1qH1Nm:CWwj32DCJq2VOwyWTJXPBArI5hXFfab1pEvSAudnjbo	2023-07-19 12:13:18.467735+00
e7ggnmm85lql6eyxqugztokn5jolpt89	.eJxVjMsOwiAQRf-FtSHDY5C6dN9vIMNApWogKe3K-O_apAvd3nPOfYlA21rC1vMS5iQuwovT7xaJH7nuIN2p3prkVtdljnJX5EG7HFvKz-vh_h0U6uVbIwKiYzTMMHhy1unojYeI2p6dHpxV6C2iMWpSEH2cKCUgp8GwNsDi_QGgQjZD:1qHIa5:X3OU9jbFckDhhCa9cV4ybrdIuAPrCGit6XmALxtjt_Y	2023-07-20 06:35:09.793222+00
skxxssma8j6fcqu7jayxfzqp66mqw1es	.eJxVjMsOwiAQRf-FtSHDY5C6dN9vIMNApWogKe3K-O_apAvd3nPOfYlA21rC1vMS5iQuwovT7xaJH7nuIN2p3prkVtdljnJX5EG7HFvKz-vh_h0U6uVbIwKiYzTMMHhy1unojYeI2p6dHpxV6C2iMWpSEH2cKCUgp8GwNsDi_QGgQjZD:1qJnFk:S1tTc_DUWi6bUjv2qtOTDysDJPg1MxnFk-oOn4Ziy5g	2023-07-27 03:44:28.85097+00
\.


--
-- Data for Name: studios_concert; Type: TABLE DATA; Schema: public; Owner: admin
--

COPY public.studios_concert (id, date, validated, groupe1_id, groupe2_id, groupe3_id, user_id, planning_id) FROM stdin;
\.


--
-- Data for Name: studios_customgroup; Type: TABLE DATA; Schema: public; Owner: admin
--

COPY public.studios_customgroup (name, email, phone, members, genre, facebook, instagram, biography, user_id, id, validated, logo, technical_sheet) FROM stdin;
\.


--
-- Data for Name: studios_customuser; Type: TABLE DATA; Schema: public; Owner: admin
--

COPY public.studios_customuser (id, password, last_login, is_superuser, username, first_name, last_name, email, is_staff, is_active, date_joined, phone, password_confirm) FROM stdin;
1	pbkdf2_sha256$600000$GufrGeX9xZHwWhkWfiBqhv$Dg9MHE6fAkm//kM7E/bQgfAIY+pt/S4B1eNoh6wB+yg=	2023-07-05 11:37:18.118975+00	t	NightFore	Comment Subscribe	Like	NightFore@cgs.com	t	t	2023-06-27 06:56:38.551455+00		\N
2	pbkdf2_sha256$600000$Lv23v6QR7Pvrxyu6XVHRqD$4+rwCvXeSrTXw48I5/lQ57WUXyjSv78BoScvZioOC9c=	2023-06-29 09:53:36.992194+00	f	NewUser	UserTest	NewTest	NewUser@cgs.com	f	t	2023-06-27 07:13:31.420371+00		\N
3	pbkdf2_sha256$600000$8Fy44XWXswTeqHJDGWxHnu$g4y8R6cda0r4iDsvWxBWC8iaAQhgawhgz3yUmSxK7GM=	\N	f	TestUser				f	t	2023-06-27 07:51:42.192863+00		\N
4	pbkdf2_sha256$600000$NQpjEljYjHkf4eTAd6zSQE$hEpMgexBQGZACasQls3UnucbYxbRT/Xy7cWfdt64x4Y=	2023-06-27 08:33:27.298916+00	f	Hello	World	Hello	Hello@cgs.com	f	t	2023-06-27 08:30:11.596218+00		\N
5	pbkdf2_sha256$600000$tK0ZvpRMhMxiOm6MhEiOwQ$shiAMpzYmD9oSYjVwGZrMXgsno7dbQ8gf6eFi7qlVs8=	2023-06-27 11:41:30.497927+00	f	Night	Fore	Night	Night@cgs.com	f	t	2023-06-27 11:41:29.709138+00		\N
6	pbkdf2_sha256$600000$pAK3p39LFmQPeFOf6xN4Wn$Sk2MRSeV/0XD4VJhEMq1VcwDblkNBc52beb12RRmaG4=	2023-06-28 13:09:26.350717+00	f	NewTestUser	TestUser	New	NewTestUser@cgs.com	f	t	2023-06-28 13:09:25.557461+00		\N
7	pbkdf2_sha256$600000$V1WyCi1EvpRgYOGV4E8CCd$IVWy2oN8Bv2Z2Kz1fEiqxAb8oK9MFpvVOQHjk5D46AY=	2023-06-29 07:51:57.181552+00	f	NewTestUserForm	UserForm	NewTest	NewTestUserForm@cgs.com	f	t	2023-06-29 07:51:56.408602+00		\N
9	pbkdf2_sha256$600000$75xC7PmfU9sTSdAe0Bcsq0$xnFaFOfUxAru7ewFw0CZ7gTud1quEAhDfjGiPEFn2+g=	2023-07-04 15:06:00.033879+00	f	test	test	test	test@gmail.com	f	t	2023-06-30 13:22:14+00		\N
8	pbkdf2_sha256$600000$pdCSPx3xcMFqIlztZTBnMA$GWneE5XBFIC8CwYpeWIMEuhkvQxdK3ixO4xN/FreAyY=	2023-07-13 03:44:28+00	t	admin	admin	admin	admin@gmail.com	t	t	2023-06-30 05:47:50+00		\N
\.


--
-- Data for Name: studios_customuser_groups; Type: TABLE DATA; Schema: public; Owner: admin
--

COPY public.studios_customuser_groups (id, customuser_id, group_id) FROM stdin;
1	9	2
2	8	2
\.


--
-- Data for Name: studios_customuser_user_permissions; Type: TABLE DATA; Schema: public; Owner: admin
--

COPY public.studios_customuser_user_permissions (id, customuser_id, permission_id) FROM stdin;
\.


--
-- Data for Name: studios_event; Type: TABLE DATA; Schema: public; Owner: admin
--

COPY public.studios_event (id, title, start_time, end_time, description, recurrence, user_id, date) FROM stdin;
1	Untitled Event	2023-06-29 13:00:00+00	2023-06-29 14:00:00+00			1	2023-07-13
\.


--
-- Data for Name: studios_reservation; Type: TABLE DATA; Schema: public; Owner: admin
--

COPY public.studios_reservation (id, description, duration, date_start, date_end, price, status, salle_id, user_id, is_active, session_id) FROM stdin;
4	Reservation for user admin	2	2023-07-14 20:00:00+00	2023-07-14 22:00:00+00	0	En cours	1	8	t	\N
\.


--
-- Data for Name: studios_salle; Type: TABLE DATA; Schema: public; Owner: admin
--

COPY public.studios_salle (id, name, description) FROM stdin;
1	Supernova	Superficie : 48m² 2 amplis guitare à lampe 2 corps Ampli basse Hartke 250w Batterie Pearl Export 5 fûts 3 micros AKG D5 Console Soundfraft EFX8 Diffusion Maryland (2x 1500w)
2	Octopuss	Superficie : 48m² 2 amplis guitare à lampe 2 corps Ampli basse Hartke 250w Batterie Pearl Export 5 fûts 3 micros AKG D5 Console Soundfraft EFX8 Diffusion Maryland (2x 1500w)
3	Rainbow	Superficie : 31m² 2 amplis guitare à lampe 2 corps Ampli basse Hartke 250w Batterie Pearl Export 5 fûts 3 micros AKG D5 Console Soundfraft EFX8 Diffusion Nexo PS15 (2x 1000w)
4	California	Superficie : 25m² 2 amplis guitare à lampe 2 corps Ampli basse Hartke 250w Batterie Pearl CZX custom fûts 3 micros AKG D5 Console Soundfraft EFX8 Diffusion Nexo PS15 (2x 1000w)
5	Scène	Superficie : Plateau 25m² / Fosse : 60m² 2 amplis guitare à lampe 2 corps Ampli basse Hartke 250w Batterie PDP Concept 6 fûts 3 micros AKG D5 Console Soundfraft EFX8 6 JBL SRX712
\.


--
-- Data for Name: studios_userpayment; Type: TABLE DATA; Schema: public; Owner: admin
--

COPY public.studios_userpayment (id, payment_bool, stripe_checkout_id, app_user_id) FROM stdin;
1	f	cs_live_a1z6FiFFFjOgIIBWoJUX6bEjkneqdELZYvBuqXk8fA2y3Inh8cdDXfPDAp	8
2	f	cs_live_a1pKq03rH4ue57gLAlANYQvoONkejw1dCiP6bpcegOzqedo1lHxADGfWfp	8
\.


--
-- Name: auth_group_id_seq; Type: SEQUENCE SET; Schema: public; Owner: admin
--

SELECT pg_catalog.setval('public.auth_group_id_seq', 1, false);


--
-- Name: auth_group_permissions_id_seq; Type: SEQUENCE SET; Schema: public; Owner: admin
--

SELECT pg_catalog.setval('public.auth_group_permissions_id_seq', 1, false);


--
-- Name: auth_permission_id_seq; Type: SEQUENCE SET; Schema: public; Owner: admin
--

SELECT pg_catalog.setval('public.auth_permission_id_seq', 52, true);


--
-- Name: django_admin_log_id_seq; Type: SEQUENCE SET; Schema: public; Owner: admin
--

SELECT pg_catalog.setval('public.django_admin_log_id_seq', 9, true);


--
-- Name: django_content_type_id_seq; Type: SEQUENCE SET; Schema: public; Owner: admin
--

SELECT pg_catalog.setval('public.django_content_type_id_seq', 13, true);


--
-- Name: django_migrations_id_seq; Type: SEQUENCE SET; Schema: public; Owner: admin
--

SELECT pg_catalog.setval('public.django_migrations_id_seq', 74, true);


--
-- Name: studios_concert_id_seq; Type: SEQUENCE SET; Schema: public; Owner: admin
--

SELECT pg_catalog.setval('public.studios_concert_id_seq', 1, false);


--
-- Name: studios_customgroup_id_seq; Type: SEQUENCE SET; Schema: public; Owner: admin
--

SELECT pg_catalog.setval('public.studios_customgroup_id_seq', 1, false);


--
-- Name: studios_customuser_groups_id_seq; Type: SEQUENCE SET; Schema: public; Owner: admin
--

SELECT pg_catalog.setval('public.studios_customuser_groups_id_seq', 2, true);


--
-- Name: studios_customuser_id_seq; Type: SEQUENCE SET; Schema: public; Owner: admin
--

SELECT pg_catalog.setval('public.studios_customuser_id_seq', 1, false);


--
-- Name: studios_customuser_user_permissions_id_seq; Type: SEQUENCE SET; Schema: public; Owner: admin
--

SELECT pg_catalog.setval('public.studios_customuser_user_permissions_id_seq', 1, false);


--
-- Name: studios_events_id_seq; Type: SEQUENCE SET; Schema: public; Owner: admin
--

SELECT pg_catalog.setval('public.studios_events_id_seq', 1, false);


--
-- Name: studios_reservation_id_seq; Type: SEQUENCE SET; Schema: public; Owner: admin
--

SELECT pg_catalog.setval('public.studios_reservation_id_seq', 8, true);


--
-- Name: studios_salle_id_seq; Type: SEQUENCE SET; Schema: public; Owner: admin
--

SELECT pg_catalog.setval('public.studios_salle_id_seq', 1, false);


--
-- Name: studios_userpayment_id_seq; Type: SEQUENCE SET; Schema: public; Owner: admin
--

SELECT pg_catalog.setval('public.studios_userpayment_id_seq', 2, true);


--
-- Name: auth_group auth_group_name_key; Type: CONSTRAINT; Schema: public; Owner: admin
--

ALTER TABLE ONLY public.auth_group
    ADD CONSTRAINT auth_group_name_key UNIQUE (name);


--
-- Name: auth_group_permissions auth_group_permissions_group_id_permission_id_0cd325b0_uniq; Type: CONSTRAINT; Schema: public; Owner: admin
--

ALTER TABLE ONLY public.auth_group_permissions
    ADD CONSTRAINT auth_group_permissions_group_id_permission_id_0cd325b0_uniq UNIQUE (group_id, permission_id);


--
-- Name: auth_group_permissions auth_group_permissions_pkey; Type: CONSTRAINT; Schema: public; Owner: admin
--

ALTER TABLE ONLY public.auth_group_permissions
    ADD CONSTRAINT auth_group_permissions_pkey PRIMARY KEY (id);


--
-- Name: auth_group auth_group_pkey; Type: CONSTRAINT; Schema: public; Owner: admin
--

ALTER TABLE ONLY public.auth_group
    ADD CONSTRAINT auth_group_pkey PRIMARY KEY (id);


--
-- Name: auth_permission auth_permission_content_type_id_codename_01ab375a_uniq; Type: CONSTRAINT; Schema: public; Owner: admin
--

ALTER TABLE ONLY public.auth_permission
    ADD CONSTRAINT auth_permission_content_type_id_codename_01ab375a_uniq UNIQUE (content_type_id, codename);


--
-- Name: auth_permission auth_permission_pkey; Type: CONSTRAINT; Schema: public; Owner: admin
--

ALTER TABLE ONLY public.auth_permission
    ADD CONSTRAINT auth_permission_pkey PRIMARY KEY (id);


--
-- Name: django_admin_log django_admin_log_pkey; Type: CONSTRAINT; Schema: public; Owner: admin
--

ALTER TABLE ONLY public.django_admin_log
    ADD CONSTRAINT django_admin_log_pkey PRIMARY KEY (id);


--
-- Name: django_content_type django_content_type_app_label_model_76bd3d3b_uniq; Type: CONSTRAINT; Schema: public; Owner: admin
--

ALTER TABLE ONLY public.django_content_type
    ADD CONSTRAINT django_content_type_app_label_model_76bd3d3b_uniq UNIQUE (app_label, model);


--
-- Name: django_content_type django_content_type_pkey; Type: CONSTRAINT; Schema: public; Owner: admin
--

ALTER TABLE ONLY public.django_content_type
    ADD CONSTRAINT django_content_type_pkey PRIMARY KEY (id);


--
-- Name: django_migrations django_migrations_pkey; Type: CONSTRAINT; Schema: public; Owner: admin
--

ALTER TABLE ONLY public.django_migrations
    ADD CONSTRAINT django_migrations_pkey PRIMARY KEY (id);


--
-- Name: django_session django_session_pkey; Type: CONSTRAINT; Schema: public; Owner: admin
--

ALTER TABLE ONLY public.django_session
    ADD CONSTRAINT django_session_pkey PRIMARY KEY (session_key);


--
-- Name: studios_concert studios_concert_pkey; Type: CONSTRAINT; Schema: public; Owner: admin
--

ALTER TABLE ONLY public.studios_concert
    ADD CONSTRAINT studios_concert_pkey PRIMARY KEY (id);


--
-- Name: studios_concert studios_concert_planning_id_key; Type: CONSTRAINT; Schema: public; Owner: admin
--

ALTER TABLE ONLY public.studios_concert
    ADD CONSTRAINT studios_concert_planning_id_key UNIQUE (planning_id);


--
-- Name: studios_customgroup studios_customgroup_pkey; Type: CONSTRAINT; Schema: public; Owner: admin
--

ALTER TABLE ONLY public.studios_customgroup
    ADD CONSTRAINT studios_customgroup_pkey PRIMARY KEY (id);


--
-- Name: studios_customuser studios_customuser_email_f01f5173_uniq; Type: CONSTRAINT; Schema: public; Owner: admin
--

ALTER TABLE ONLY public.studios_customuser
    ADD CONSTRAINT studios_customuser_email_f01f5173_uniq UNIQUE (email);


--
-- Name: studios_customuser_groups studios_customuser_groups_customuser_id_group_id_ea7587b3_uniq; Type: CONSTRAINT; Schema: public; Owner: admin
--

ALTER TABLE ONLY public.studios_customuser_groups
    ADD CONSTRAINT studios_customuser_groups_customuser_id_group_id_ea7587b3_uniq UNIQUE (customuser_id, group_id);


--
-- Name: studios_customuser_groups studios_customuser_groups_pkey; Type: CONSTRAINT; Schema: public; Owner: admin
--

ALTER TABLE ONLY public.studios_customuser_groups
    ADD CONSTRAINT studios_customuser_groups_pkey PRIMARY KEY (id);


--
-- Name: studios_customuser studios_customuser_pkey; Type: CONSTRAINT; Schema: public; Owner: admin
--

ALTER TABLE ONLY public.studios_customuser
    ADD CONSTRAINT studios_customuser_pkey PRIMARY KEY (id);


--
-- Name: studios_customuser_user_permissions studios_customuser_user__customuser_id_permission_f7dd5479_uniq; Type: CONSTRAINT; Schema: public; Owner: admin
--

ALTER TABLE ONLY public.studios_customuser_user_permissions
    ADD CONSTRAINT studios_customuser_user__customuser_id_permission_f7dd5479_uniq UNIQUE (customuser_id, permission_id);


--
-- Name: studios_customuser_user_permissions studios_customuser_user_permissions_pkey; Type: CONSTRAINT; Schema: public; Owner: admin
--

ALTER TABLE ONLY public.studios_customuser_user_permissions
    ADD CONSTRAINT studios_customuser_user_permissions_pkey PRIMARY KEY (id);


--
-- Name: studios_customuser studios_customuser_username_key; Type: CONSTRAINT; Schema: public; Owner: admin
--

ALTER TABLE ONLY public.studios_customuser
    ADD CONSTRAINT studios_customuser_username_key UNIQUE (username);


--
-- Name: studios_event studios_events_pkey; Type: CONSTRAINT; Schema: public; Owner: admin
--

ALTER TABLE ONLY public.studios_event
    ADD CONSTRAINT studios_events_pkey PRIMARY KEY (id);


--
-- Name: studios_reservation studios_reservation_pkey; Type: CONSTRAINT; Schema: public; Owner: admin
--

ALTER TABLE ONLY public.studios_reservation
    ADD CONSTRAINT studios_reservation_pkey PRIMARY KEY (id);


--
-- Name: studios_salle studios_salle_pkey; Type: CONSTRAINT; Schema: public; Owner: admin
--

ALTER TABLE ONLY public.studios_salle
    ADD CONSTRAINT studios_salle_pkey PRIMARY KEY (id);


--
-- Name: studios_userpayment studios_userpayment_pkey; Type: CONSTRAINT; Schema: public; Owner: admin
--

ALTER TABLE ONLY public.studios_userpayment
    ADD CONSTRAINT studios_userpayment_pkey PRIMARY KEY (id);


--
-- Name: auth_group_name_a6ea08ec_like; Type: INDEX; Schema: public; Owner: admin
--

CREATE INDEX auth_group_name_a6ea08ec_like ON public.auth_group USING btree (name varchar_pattern_ops);


--
-- Name: auth_group_permissions_group_id_b120cbf9; Type: INDEX; Schema: public; Owner: admin
--

CREATE INDEX auth_group_permissions_group_id_b120cbf9 ON public.auth_group_permissions USING btree (group_id);


--
-- Name: auth_group_permissions_permission_id_84c5c92e; Type: INDEX; Schema: public; Owner: admin
--

CREATE INDEX auth_group_permissions_permission_id_84c5c92e ON public.auth_group_permissions USING btree (permission_id);


--
-- Name: auth_permission_content_type_id_2f476e4b; Type: INDEX; Schema: public; Owner: admin
--

CREATE INDEX auth_permission_content_type_id_2f476e4b ON public.auth_permission USING btree (content_type_id);


--
-- Name: django_admin_log_content_type_id_c4bce8eb; Type: INDEX; Schema: public; Owner: admin
--

CREATE INDEX django_admin_log_content_type_id_c4bce8eb ON public.django_admin_log USING btree (content_type_id);


--
-- Name: django_admin_log_user_id_c564eba6; Type: INDEX; Schema: public; Owner: admin
--

CREATE INDEX django_admin_log_user_id_c564eba6 ON public.django_admin_log USING btree (user_id);


--
-- Name: django_session_expire_date_a5c62663; Type: INDEX; Schema: public; Owner: admin
--

CREATE INDEX django_session_expire_date_a5c62663 ON public.django_session USING btree (expire_date);


--
-- Name: django_session_session_key_c0390e0f_like; Type: INDEX; Schema: public; Owner: admin
--

CREATE INDEX django_session_session_key_c0390e0f_like ON public.django_session USING btree (session_key varchar_pattern_ops);


--
-- Name: studios_concert_groupe1_id_56fef9ad; Type: INDEX; Schema: public; Owner: admin
--

CREATE INDEX studios_concert_groupe1_id_56fef9ad ON public.studios_concert USING btree (groupe1_id);


--
-- Name: studios_concert_groupe2_id_d3bbb678; Type: INDEX; Schema: public; Owner: admin
--

CREATE INDEX studios_concert_groupe2_id_d3bbb678 ON public.studios_concert USING btree (groupe2_id);


--
-- Name: studios_concert_groupe3_id_df87d6d7; Type: INDEX; Schema: public; Owner: admin
--

CREATE INDEX studios_concert_groupe3_id_df87d6d7 ON public.studios_concert USING btree (groupe3_id);


--
-- Name: studios_concert_user_id_3881a587; Type: INDEX; Schema: public; Owner: admin
--

CREATE INDEX studios_concert_user_id_3881a587 ON public.studios_concert USING btree (user_id);


--
-- Name: studios_customgroup_user_id_eef4a7eb; Type: INDEX; Schema: public; Owner: admin
--

CREATE INDEX studios_customgroup_user_id_eef4a7eb ON public.studios_customgroup USING btree (user_id);


--
-- Name: studios_customuser_email_f01f5173_like; Type: INDEX; Schema: public; Owner: admin
--

CREATE INDEX studios_customuser_email_f01f5173_like ON public.studios_customuser USING btree (email varchar_pattern_ops);


--
-- Name: studios_customuser_groups_customuser_id_db8ba3ff; Type: INDEX; Schema: public; Owner: admin
--

CREATE INDEX studios_customuser_groups_customuser_id_db8ba3ff ON public.studios_customuser_groups USING btree (customuser_id);


--
-- Name: studios_customuser_groups_group_id_7f063f74; Type: INDEX; Schema: public; Owner: admin
--

CREATE INDEX studios_customuser_groups_group_id_7f063f74 ON public.studios_customuser_groups USING btree (group_id);


--
-- Name: studios_customuser_user_permissions_customuser_id_30c7c167; Type: INDEX; Schema: public; Owner: admin
--

CREATE INDEX studios_customuser_user_permissions_customuser_id_30c7c167 ON public.studios_customuser_user_permissions USING btree (customuser_id);


--
-- Name: studios_customuser_user_permissions_permission_id_19d97d03; Type: INDEX; Schema: public; Owner: admin
--

CREATE INDEX studios_customuser_user_permissions_permission_id_19d97d03 ON public.studios_customuser_user_permissions USING btree (permission_id);


--
-- Name: studios_customuser_username_440981c3_like; Type: INDEX; Schema: public; Owner: admin
--

CREATE INDEX studios_customuser_username_440981c3_like ON public.studios_customuser USING btree (username varchar_pattern_ops);


--
-- Name: studios_events_user_id_339ad306; Type: INDEX; Schema: public; Owner: admin
--

CREATE INDEX studios_events_user_id_339ad306 ON public.studios_event USING btree (user_id);


--
-- Name: studios_reservation_salle_id_c3ed0ab1; Type: INDEX; Schema: public; Owner: admin
--

CREATE INDEX studios_reservation_salle_id_c3ed0ab1 ON public.studios_reservation USING btree (salle_id);


--
-- Name: studios_reservation_user_id_ecc7a225; Type: INDEX; Schema: public; Owner: admin
--

CREATE INDEX studios_reservation_user_id_ecc7a225 ON public.studios_reservation USING btree (user_id);


--
-- Name: studios_userpayment_app_user_id_3bef0cda; Type: INDEX; Schema: public; Owner: admin
--

CREATE INDEX studios_userpayment_app_user_id_3bef0cda ON public.studios_userpayment USING btree (app_user_id);


--
-- Name: auth_group_permissions auth_group_permissio_permission_id_84c5c92e_fk_auth_perm; Type: FK CONSTRAINT; Schema: public; Owner: admin
--

ALTER TABLE ONLY public.auth_group_permissions
    ADD CONSTRAINT auth_group_permissio_permission_id_84c5c92e_fk_auth_perm FOREIGN KEY (permission_id) REFERENCES public.auth_permission(id) DEFERRABLE INITIALLY DEFERRED;


--
-- Name: auth_group_permissions auth_group_permissions_group_id_b120cbf9_fk_auth_group_id; Type: FK CONSTRAINT; Schema: public; Owner: admin
--

ALTER TABLE ONLY public.auth_group_permissions
    ADD CONSTRAINT auth_group_permissions_group_id_b120cbf9_fk_auth_group_id FOREIGN KEY (group_id) REFERENCES public.auth_group(id) DEFERRABLE INITIALLY DEFERRED;


--
-- Name: auth_permission auth_permission_content_type_id_2f476e4b_fk_django_co; Type: FK CONSTRAINT; Schema: public; Owner: admin
--

ALTER TABLE ONLY public.auth_permission
    ADD CONSTRAINT auth_permission_content_type_id_2f476e4b_fk_django_co FOREIGN KEY (content_type_id) REFERENCES public.django_content_type(id) DEFERRABLE INITIALLY DEFERRED;


--
-- Name: django_admin_log django_admin_log_content_type_id_c4bce8eb_fk_django_co; Type: FK CONSTRAINT; Schema: public; Owner: admin
--

ALTER TABLE ONLY public.django_admin_log
    ADD CONSTRAINT django_admin_log_content_type_id_c4bce8eb_fk_django_co FOREIGN KEY (content_type_id) REFERENCES public.django_content_type(id) DEFERRABLE INITIALLY DEFERRED;


--
-- Name: django_admin_log django_admin_log_user_id_c564eba6_fk_studios_customuser_id; Type: FK CONSTRAINT; Schema: public; Owner: admin
--

ALTER TABLE ONLY public.django_admin_log
    ADD CONSTRAINT django_admin_log_user_id_c564eba6_fk_studios_customuser_id FOREIGN KEY (user_id) REFERENCES public.studios_customuser(id) DEFERRABLE INITIALLY DEFERRED;


--
-- Name: studios_concert studios_concert_groupe1_id_56fef9ad_fk_studios_customgroup_id; Type: FK CONSTRAINT; Schema: public; Owner: admin
--

ALTER TABLE ONLY public.studios_concert
    ADD CONSTRAINT studios_concert_groupe1_id_56fef9ad_fk_studios_customgroup_id FOREIGN KEY (groupe1_id) REFERENCES public.studios_customgroup(id) DEFERRABLE INITIALLY DEFERRED;


--
-- Name: studios_concert studios_concert_groupe2_id_d3bbb678_fk_studios_customgroup_id; Type: FK CONSTRAINT; Schema: public; Owner: admin
--

ALTER TABLE ONLY public.studios_concert
    ADD CONSTRAINT studios_concert_groupe2_id_d3bbb678_fk_studios_customgroup_id FOREIGN KEY (groupe2_id) REFERENCES public.studios_customgroup(id) DEFERRABLE INITIALLY DEFERRED;


--
-- Name: studios_concert studios_concert_groupe3_id_df87d6d7_fk_studios_customgroup_id; Type: FK CONSTRAINT; Schema: public; Owner: admin
--

ALTER TABLE ONLY public.studios_concert
    ADD CONSTRAINT studios_concert_groupe3_id_df87d6d7_fk_studios_customgroup_id FOREIGN KEY (groupe3_id) REFERENCES public.studios_customgroup(id) DEFERRABLE INITIALLY DEFERRED;


--
-- Name: studios_concert studios_concert_planning_id_5047395e_fk_studios_event_id; Type: FK CONSTRAINT; Schema: public; Owner: admin
--

ALTER TABLE ONLY public.studios_concert
    ADD CONSTRAINT studios_concert_planning_id_5047395e_fk_studios_event_id FOREIGN KEY (planning_id) REFERENCES public.studios_event(id) DEFERRABLE INITIALLY DEFERRED;


--
-- Name: studios_concert studios_concert_user_id_3881a587_fk_studios_customuser_id; Type: FK CONSTRAINT; Schema: public; Owner: admin
--

ALTER TABLE ONLY public.studios_concert
    ADD CONSTRAINT studios_concert_user_id_3881a587_fk_studios_customuser_id FOREIGN KEY (user_id) REFERENCES public.studios_customuser(id) DEFERRABLE INITIALLY DEFERRED;


--
-- Name: studios_customgroup studios_customgroup_user_id_eef4a7eb_fk_studios_customuser_id; Type: FK CONSTRAINT; Schema: public; Owner: admin
--

ALTER TABLE ONLY public.studios_customgroup
    ADD CONSTRAINT studios_customgroup_user_id_eef4a7eb_fk_studios_customuser_id FOREIGN KEY (user_id) REFERENCES public.studios_customuser(id) DEFERRABLE INITIALLY DEFERRED;


--
-- Name: studios_customuser_groups studios_customuser_g_customuser_id_db8ba3ff_fk_studios_c; Type: FK CONSTRAINT; Schema: public; Owner: admin
--

ALTER TABLE ONLY public.studios_customuser_groups
    ADD CONSTRAINT studios_customuser_g_customuser_id_db8ba3ff_fk_studios_c FOREIGN KEY (customuser_id) REFERENCES public.studios_customuser(id) DEFERRABLE INITIALLY DEFERRED;


--
-- Name: studios_customuser_groups studios_customuser_groups_group_id_7f063f74_fk_auth_group_id; Type: FK CONSTRAINT; Schema: public; Owner: admin
--

ALTER TABLE ONLY public.studios_customuser_groups
    ADD CONSTRAINT studios_customuser_groups_group_id_7f063f74_fk_auth_group_id FOREIGN KEY (group_id) REFERENCES public.auth_group(id) DEFERRABLE INITIALLY DEFERRED;


--
-- Name: studios_customuser_user_permissions studios_customuser_u_customuser_id_30c7c167_fk_studios_c; Type: FK CONSTRAINT; Schema: public; Owner: admin
--

ALTER TABLE ONLY public.studios_customuser_user_permissions
    ADD CONSTRAINT studios_customuser_u_customuser_id_30c7c167_fk_studios_c FOREIGN KEY (customuser_id) REFERENCES public.studios_customuser(id) DEFERRABLE INITIALLY DEFERRED;


--
-- Name: studios_customuser_user_permissions studios_customuser_u_permission_id_19d97d03_fk_auth_perm; Type: FK CONSTRAINT; Schema: public; Owner: admin
--

ALTER TABLE ONLY public.studios_customuser_user_permissions
    ADD CONSTRAINT studios_customuser_u_permission_id_19d97d03_fk_auth_perm FOREIGN KEY (permission_id) REFERENCES public.auth_permission(id) DEFERRABLE INITIALLY DEFERRED;


--
-- Name: studios_event studios_events_user_id_339ad306_fk_studios_customuser_id; Type: FK CONSTRAINT; Schema: public; Owner: admin
--

ALTER TABLE ONLY public.studios_event
    ADD CONSTRAINT studios_events_user_id_339ad306_fk_studios_customuser_id FOREIGN KEY (user_id) REFERENCES public.studios_customuser(id) DEFERRABLE INITIALLY DEFERRED;


--
-- Name: studios_reservation studios_reservation_salle_id_c3ed0ab1_fk_studios_salle_id; Type: FK CONSTRAINT; Schema: public; Owner: admin
--

ALTER TABLE ONLY public.studios_reservation
    ADD CONSTRAINT studios_reservation_salle_id_c3ed0ab1_fk_studios_salle_id FOREIGN KEY (salle_id) REFERENCES public.studios_salle(id) DEFERRABLE INITIALLY DEFERRED;


--
-- Name: studios_reservation studios_reservation_user_id_ecc7a225_fk_studios_customuser_id; Type: FK CONSTRAINT; Schema: public; Owner: admin
--

ALTER TABLE ONLY public.studios_reservation
    ADD CONSTRAINT studios_reservation_user_id_ecc7a225_fk_studios_customuser_id FOREIGN KEY (user_id) REFERENCES public.studios_customuser(id) DEFERRABLE INITIALLY DEFERRED;


--
-- Name: studios_userpayment studios_userpayment_app_user_id_3bef0cda_fk_studios_c; Type: FK CONSTRAINT; Schema: public; Owner: admin
--

ALTER TABLE ONLY public.studios_userpayment
    ADD CONSTRAINT studios_userpayment_app_user_id_3bef0cda_fk_studios_c FOREIGN KEY (app_user_id) REFERENCES public.studios_customuser(id) DEFERRABLE INITIALLY DEFERRED;


--
-- PostgreSQL database dump complete
--

